{
  "version": "1.1.1",
  "windows": {
    "main": {
      "main": true,
      "url": "app://editor/index.html",
      "windowType": "dockable",
<<<<<<< HEAD
      "x": 0,
      "y": 0,
      "width": 1536,
      "height": 824,
=======
      "x": -1928,
      "y": -276,
      "width": 1936,
      "height": 1048,
>>>>>>> 5b3fb475f9dd130cfcd8b89c8d1186fe86abf881
      "layout": {
        "type": "dock-h",
        "children": [
          {
<<<<<<< HEAD
            "width": 325.875,
            "height": 708.2000122070312,
            "type": "dock-v",
            "children": [
              {
                "width": 325.875,
                "height": 339.1000061035156,
=======
            "width": 414,
            "height": 930,
            "type": "dock-v",
            "children": [
              {
                "width": 414,
                "height": 446,
>>>>>>> 5b3fb475f9dd130cfcd8b89c8d1186fe86abf881
                "type": "panel",
                "active": 0,
                "children": [
                  "hierarchy"
                ]
              },
              {
<<<<<<< HEAD
                "width": 325.875,
                "height": 366.1000061035156,
=======
                "width": 414,
                "height": 481,
>>>>>>> 5b3fb475f9dd130cfcd8b89c8d1186fe86abf881
                "type": "panel",
                "active": 0,
                "children": [
                  "assets"
                ]
              }
            ]
          },
          {
<<<<<<< HEAD
            "width": 847.6625366210938,
            "height": 708.2000122070312,
            "type": "dock-v",
            "children": [
              {
                "width": 847.6625366210938,
                "height": 396.1125183105469,
=======
            "width": 1065,
            "height": 930,
            "type": "dock-v",
            "children": [
              {
                "width": 1065,
                "height": 521,
>>>>>>> 5b3fb475f9dd130cfcd8b89c8d1186fe86abf881
                "type": "panel",
                "active": 0,
                "children": [
                  "scene"
                ]
              },
              {
<<<<<<< HEAD
                "width": 847.6625366210938,
                "height": 309.0874938964844,
=======
                "width": 1065,
                "height": 406,
>>>>>>> 5b3fb475f9dd130cfcd8b89c8d1186fe86abf881
                "type": "panel",
                "active": 1,
                "children": [
                  "console",
                  "timeline",
                  "game-window"
                ]
              }
            ]
          },
          {
<<<<<<< HEAD
            "width": 342.8625183105469,
            "height": 708.2000122070312,
=======
            "width": 435,
            "height": 930,
>>>>>>> 5b3fb475f9dd130cfcd8b89c8d1186fe86abf881
            "type": "panel",
            "active": 0,
            "children": [
              "inspector",
              "cocos-services"
            ]
          }
        ]
      },
      "panels": [
        "hierarchy",
        "assets",
        "scene",
        "console",
        "timeline",
        "game-window",
        "inspector",
        "cocos-services"
      ]
    },
    " common-asset-worker-worker": {}
  },
  "panels": {
    "project-settings": {
      "x": 395,
      "y": 84,
      "width": 600,
      "height": 565
    },
    "preferences": {
      "x": 480,
      "y": 132,
      "width": 600,
      "height": 564
    }
  },
  "panelLabelWidth": {}
}
