{
  "version": "1.1.1",
  "windows": {
    "main": {
      "main": true,
      "url": "app://editor/index.html",
      "windowType": "dockable",
<<<<<<< HEAD
      "x": 76,
      "y": 36,
      "width": 1384,
      "height": 744,
=======
      "x": 0,
      "y": 0,
      "width": 1536,
      "height": 816,
>>>>>>> 6dcfb028c6b8e6e92f6bb5e8202ac95d5df67280
      "layout": {
        "type": "dock-h",
        "children": [
          {
<<<<<<< HEAD
            "width": 296.1750183105469,
            "height": 628.2000122070312,
            "type": "dock-v",
            "children": [
              {
                "width": 296.1750183105469,
                "height": 301.0625,
=======
            "width": 328.7875061035156,
            "height": 700.2000122070312,
            "type": "dock-v",
            "children": [
              {
                "width": 328.7875061035156,
                "height": 335.8000183105469,
>>>>>>> 6dcfb028c6b8e6e92f6bb5e8202ac95d5df67280
                "type": "panel",
                "active": 0,
                "children": [
                  "hierarchy"
                ]
              },
              {
<<<<<<< HEAD
                "width": 296.1750183105469,
                "height": 324.13751220703125,
=======
                "width": 328.7875061035156,
                "height": 361.3999938964844,
>>>>>>> 6dcfb028c6b8e6e92f6bb5e8202ac95d5df67280
                "type": "panel",
                "active": 0,
                "children": [
                  "assets"
                ]
              }
            ]
          },
          {
<<<<<<< HEAD
            "width": 758,
            "height": 628.2000122070312,
            "type": "dock-v",
            "children": [
              {
                "width": 758,
                "height": 351.2375183105469,
=======
            "width": 842.9625244140625,
            "height": 700.2000122070312,
            "type": "dock-v",
            "children": [
              {
                "width": 842.9625244140625,
                "height": 391.8500061035156,
>>>>>>> 6dcfb028c6b8e6e92f6bb5e8202ac95d5df67280
                "type": "panel",
                "active": 0,
                "children": [
                  "scene"
                ]
              },
              {
<<<<<<< HEAD
                "width": 758,
                "height": 273.9624938964844,
=======
                "width": 842.9625244140625,
                "height": 305.3500061035156,
>>>>>>> 6dcfb028c6b8e6e92f6bb5e8202ac95d5df67280
                "type": "panel",
                "active": 1,
                "children": [
                  "console",
                  "timeline",
                  "game-window"
                ]
              }
            ]
          },
          {
<<<<<<< HEAD
            "width": 310.2250061035156,
            "height": 628.2000122070312,
=======
            "width": 344.63751220703125,
            "height": 700.2000122070312,
>>>>>>> 6dcfb028c6b8e6e92f6bb5e8202ac95d5df67280
            "type": "panel",
            "active": 0,
            "children": [
              "inspector",
              "cocos-services"
            ]
          }
        ]
      },
      "panels": [
        "hierarchy",
        "assets",
        "scene",
        "console",
        "timeline",
        "game-window",
        "inspector",
        "cocos-services"
      ]
<<<<<<< HEAD
    },
    " common-asset-worker-worker": {}
=======
    }
>>>>>>> 6dcfb028c6b8e6e92f6bb5e8202ac95d5df67280
  },
  "panels": {
    "project-settings": {
      "x": 395,
      "y": 84,
      "width": 600,
      "height": 565
    }
  },
  "panelLabelWidth": {}
}
